INSERT INTO association (id,iddiscipline,nom,adresse,cddepartement,tel,email,logo) VALUES
	 (2,2,'Ligue Grand Est de Handball','Maison Régionale des Sports 13 rue Jean Moulin CS 70001 54510 Tomblaine',54510,'06 52 32 23 87','grandest-handball@live.fr',NULL),
	 (3,6,'Ligue Grand Est de Billard','Maison Régionale des Sports 13 rue Jean Moulin CS 70001 54510 Tomblaine',54510,'05 56 98 78 45','billard-grandest@live.fr',NULL),
	 (4,6,'Comité Départemental de Billard des Vosges','Aumontzey',88640,'03 29 56 28 21','noire.andre@orange.fr',NULL),
	 (5,1,'Comité Départemental de Judo et Disciplines Associées de la Marne','Les Rivières-Henruel',51300,'03 26 07 62 55','Judo.forthoffer@live.fr',NULL),
	 (6,1,'Comité Meuse de Judo','1 rue Haute, Morgemoulin',55400,'06 89 13 16 05','gregory.michelot@meusejudo.com',NULL),
	 (1,1,'Ligue Grand Est de Judo et Disciplines Associées','Maison Régionale des Sports 13 rue Jean Moulin CS 54510 70001 Tomblaine',54510,'02 10 95 35 54','grandest-handball@live.fr',NULL);INSERT INTO batiment (id,nom) VALUES
	 (1,'A'),
	 (2,'B'),
	 (3,'C'),
	 (4,'D'),
	 (5,'accueil');INSERT INTO bureau (id,occupant) VALUES
	 (19,NULL),
	 (20,NULL),
	 (21,NULL),
	 (22,NULL),
	 (23,NULL),
	 (24,NULL),
	 (25,NULL),
	 (26,NULL),
	 (27,NULL),
	 (29,NULL);
INSERT INTO bureau (id,occupant) VALUES
	 (30,NULL),
	 (33,NULL),
	 (34,NULL),
	 (35,NULL),
	 (36,NULL),
	 (38,NULL),
	 (39,NULL),
	 (40,NULL),
	 (43,NULL),
	 (44,NULL);
INSERT INTO bureau (id,occupant) VALUES
	 (45,NULL),
	 (46,NULL),
	 (47,NULL),
	 (48,NULL),
	 (49,NULL),
	 (50,NULL),
	 (51,NULL),
	 (53,NULL),
	 (54,NULL),
	 (56,NULL);
INSERT INTO bureau (id,occupant) VALUES
	 (57,NULL),
	 (58,NULL),
	 (59,NULL),
	 (60,NULL),
	 (61,NULL),
	 (62,NULL),
	 (70,NULL),
	 (71,NULL),
	 (72,NULL),
	 (73,NULL);
INSERT INTO bureau (id,occupant) VALUES
	 (75,NULL),
	 (76,NULL),
	 (77,NULL),
	 (78,NULL),
	 (79,NULL),
	 (80,NULL),
	 (81,NULL),
	 (82,NULL),
	 (83,NULL),
	 (84,NULL);
INSERT INTO bureau (id,occupant) VALUES
	 (86,NULL),
	 (87,NULL),
	 (88,NULL),
	 (89,NULL),
	 (90,NULL),
	 (91,NULL),
	 (93,NULL),
	 (94,NULL),
	 (95,NULL),
	 (97,NULL);
INSERT INTO bureau (id,occupant) VALUES
	 (98,NULL),
	 (99,NULL),
	 (100,NULL),
	 (101,NULL),
	 (102,NULL),
	 (103,NULL),
	 (104,NULL),
	 (105,NULL),
	 (106,NULL),
	 (18,1);
INSERT INTO bureau (id,occupant) VALUES
	 (92,2),
	 (55,3),
	 (42,1),
	 (31,3);INSERT INTO categorie (id,libelle,tarif) VALUES
	 (12,'Amphithéatre',35.0),
	 (14,'réception',10.0),
	 (15,'réception',10.0),
	 (11,'informatique',0.0),
	 (13,'réunion',15.0);INSERT INTO comite (id,idliguetravail) VALUES
	 (4,3),
	 (5,1),
	 (6,1);INSERT INTO discipline (id,libelle,olympique) VALUES
	 (1,'Judo','Oui'),
	 (2,'Handball','Oui'),
	 (3,'Roller Sports','Non'),
	 (4,'Football','Oui'),
	 (5,'Aïkido','Non'),
	 (6,'Billard','Non');INSERT INTO etage (id,numero,batiment) VALUES
	 (1,0,1),
	 (2,1,1),
	 (3,2,1),
	 (4,3,1),
	 (5,4,1),
	 (6,0,2),
	 (7,0,3),
	 (8,1,3),
	 (9,2,3),
	 (10,3,3);
INSERT INTO etage (id,numero,batiment) VALUES
	 (11,4,3),
	 (12,0,4),
	 (13,0,5);INSERT INTO ligue (id) VALUES
	 (1),
	 (2),
	 (3);INSERT INTO membre (id) VALUES
	 (1),
	 (2),
	 (3),
	 (4),
	 (5),
	 (6),
	 (7),
	 (8),
	 (9),
	 (10);
INSERT INTO membre (id) VALUES
	 (11),
	 (12);INSERT INTO metier (id,nom) VALUES
	 (1,'président'),
	 (2,'secretaire'),
	 (3,'trésorier');INSERT INTO personne (id,nom,prenom,mail,adresse,tel) VALUES
	 (1,'Chantelle','Burns','Chantelle.Burns@gmail.com','5 rue des poires, Angoulême','06 60 64 20 14'),
	 (2,'Anastazja','Blackmore','Anastazja.Blackmore@gmail.com','86 rue des roses, Pointou du Pinot','07 50 62 10 25'),
	 (3,'Andre','Timms','Andre.Timms@gmail.com','12 rue Julien Cordier, Dijon','08 50 62 53 87 98'),
	 (4,'Halima','Wells','Halima.Wells@gmail.com','125 Avenue du jambon, Charcut-city','07 85 14 26 30'),
	 (5,'Amar','Ortega','Amar.Ortega@gmail.com','22 vla les flics, Epinal','03 26 45 75 12'),
	 (6,'Dalia','Riddle','Dalia.Riddle@gmail.com','50 cent, Vildurap','03 45 85 45 12'),
	 (7,'Milli','North','Milli.North@gmail.com','65 Avenue Denis Brogniart, Philipvil','04 25 75 13 68'),
	 (8,'Jasper','Britton','Jasper.Britton@gmail.com','36 Rue de la brouette, Moscou','05 20 35 65 48'),
	 (9,'Ilayda','Bullock','Ilayda.Bullock@gmail.com','128 Rue sous le pont, Houston','04 52 65 12 12'),
	 (10,'Humza','Skinner','Humza.Skinner@gmail.com','650 Rue très longue, Longcity','06 45 12 40 52');
INSERT INTO personne (id,nom,prenom,mail,adresse,tel) VALUES
	 (11,'Cassie','Carroll','Cassie.Carroll@gmail.com','35 rue du metal, FondryCity','09 85 41 52 32'),
	 (12,'Simeon','Pied','Simeon.Pied@gmail.com','3 Rue des chausettes sales, Lachambre','02 45 89 52 10'),
	 (13,'Will','Will','will.will@will.com','Rue de Will, WillCity','W1 11 W1 11 11');INSERT INTO salle (id,nom,situation,"type") VALUES
	 (9,'Service',6,NULL),
	 (13,'Reprographie',12,NULL),
	 (14,'Grüber',7,NULL),
	 (15,'Administration 1',7,NULL),
	 (16,'Administration 2',7,NULL),
	 (17,'Administration 3',7,NULL),
	 (64,'Administration 4',8,NULL),
	 (65,'Administration 5',8,NULL),
	 (66,'Administration 6',8,NULL),
	 (67,'Administration 7',8,NULL);
INSERT INTO salle (id,nom,situation,"type") VALUES
	 (68,'Administration 8',8,NULL),
	 (69,'Administration 9',8,NULL),
	 (29,'A201',3,'bureau'),
	 (30,'A202',3,'bureau'),
	 (31,'A203',3,'bureau'),
	 (33,'A204',3,'bureau'),
	 (34,'A205',3,'bureau'),
	 (35,'A206',3,'bureau'),
	 (36,'A207',3,'bureau'),
	 (38,'A208',3,'bureau');
INSERT INTO salle (id,nom,situation,"type") VALUES
	 (39,'A209',3,'bureau'),
	 (40,'A210',3,'bureau'),
	 (42,'A301',4,'bureau'),
	 (43,'A302',4,'bureau'),
	 (44,'A303',4,'bureau'),
	 (45,'A304',4,'bureau'),
	 (46,'A305',4,'bureau'),
	 (47,'A306',4,'bureau'),
	 (48,'A307',4,'bureau'),
	 (49,'A308',4,'bureau');
INSERT INTO salle (id,nom,situation,"type") VALUES
	 (50,'A309',4,'bureau'),
	 (51,'A310',4,'bureau'),
	 (53,'A401',5,'bureau'),
	 (54,'A402',5,'bureau'),
	 (55,'A403',5,'bureau'),
	 (56,'A404',5,'bureau'),
	 (57,'A405',5,'bureau'),
	 (58,'A406',5,'bureau'),
	 (59,'A407',5,'bureau'),
	 (60,'A408',5,'bureau');
INSERT INTO salle (id,nom,situation,"type") VALUES
	 (61,'A409',5,'bureau'),
	 (62,'A410',5,'bureau'),
	 (18,'A101',2,'bureau'),
	 (19,'A102',2,'bureau'),
	 (20,'A103',2,'bureau'),
	 (21,'A104',2,'bureau'),
	 (22,'A105',2,'bureau'),
	 (23,'A106',2,'bureau'),
	 (24,'A107',2,'bureau'),
	 (25,'A108',2,'bureau');
INSERT INTO salle (id,nom,situation,"type") VALUES
	 (26,'A109',2,'bureau'),
	 (27,'A110',2,'bureau'),
	 (70,'C101',8,'bureau'),
	 (71,'C102',8,'bureau'),
	 (72,'C103',8,'bureau'),
	 (73,'C104',8,'bureau'),
	 (75,'C201',9,'bureau'),
	 (1,'Baccarat',1,'sallereservable'),
	 (2,'Daum',1,'sallereservable'),
	 (3,'Gallé',1,'sallereservable');
INSERT INTO salle (id,nom,situation,"type") VALUES
	 (4,'Corbin',1,'sallereservable'),
	 (5,'Longwy',6,'sallereservable'),
	 (6,'Multimédia',6,'sallereservable'),
	 (7,'Lamour',6,'sallereservable'),
	 (8,'Amphithéâtre',6,'sallereservable'),
	 (10,'Majorelle',12,'sallereservable'),
	 (11,'Cuisine',12,'sallereservable'),
	 (12,'Restauration',12,'sallereservable'),
	 (76,'C202',9,'bureau'),
	 (77,'C203',9,'bureau');
INSERT INTO salle (id,nom,situation,"type") VALUES
	 (78,'C204',9,'bureau'),
	 (79,'C205',9,'bureau'),
	 (80,'C206',9,'bureau'),
	 (81,'C207',9,'bureau'),
	 (82,'C208',9,'bureau'),
	 (83,'C209',9,'bureau'),
	 (84,'C210',9,'bureau'),
	 (86,'C301',10,'bureau'),
	 (87,'C302',10,'bureau'),
	 (88,'C303',10,'bureau');
INSERT INTO salle (id,nom,situation,"type") VALUES
	 (89,'C304',10,'bureau'),
	 (90,'C305',10,'bureau'),
	 (91,'C306',10,'bureau'),
	 (92,'C307',10,'bureau'),
	 (93,'C308',10,'bureau'),
	 (94,'C309',10,'bureau'),
	 (95,'C310',10,'bureau'),
	 (97,'C401',11,'bureau'),
	 (98,'C402',11,'bureau'),
	 (99,'C403',11,'bureau');
INSERT INTO salle (id,nom,situation,"type") VALUES
	 (100,'C404',11,'bureau'),
	 (101,'C405',11,'bureau'),
	 (102,'C406',11,'bureau'),
	 (104,'C408',11,'bureau'),
	 (105,'C409',11,'bureau'),
	 (106,'C410',11,'bureau'),
	 (103,'C407',11,'bureau'),
	 (63,'Réunion A4',5,NULL),
	 (74,'Réunion C1',8,NULL),
	 (85,'Réunion C2',9,NULL);
INSERT INTO salle (id,nom,situation,"type") VALUES
	 (96,'Réunion C3',10,NULL),
	 (107,'Réunion C4',11,NULL),
	 (28,'Réunion A1',2,NULL),
	 (41,'Réunion A2',3,NULL),
	 (52,'Réunion A3',4,NULL);INSERT INTO sallereservable (id,idcat) VALUES
	 (1,13),
	 (2,13),
	 (3,13),
	 (4,13),
	 (5,13),
	 (6,13),
	 (7,13),
	 (8,13),
	 (11,14),
	 (12,14);INSERT INTO travail (idmembre,idmetier,idassociation) VALUES
	 (1,1,1),
	 (2,2,1),
	 (3,3,1),
	 (4,1,2),
	 (5,2,2),
	 (6,3,2),
	 (7,1,3),
	 (8,2,3),
	 (9,3,3),
	 (10,1,4);
INSERT INTO travail (idmembre,idmetier,idassociation) VALUES
	 (11,2,4),
	 (12,3,4),
	 (1,2,5),
	 (2,3,5),
	 (3,1,5),
	 (4,2,6),
	 (5,3,6),
	 (6,1,6);